display_name,stub,dropdown_parent
display_name,stub,dropdown_parent
Home,/,
About,/about/,
Methodology,/methodology/,
How to Navigate,/how-to-navigate-the-site/,
Border Lit. Exhibit,/border-literature/,
Cartografias literárias,,
Cartografias literárias,/cartografias-literárias/,Cartografias literárias
Delincuentos: Historias Del Narcotrafico,/cartografias-literárias/delincuentos/,Cartografias literárias
Mujeres Eternas: Cronicas de Adriana,/cartografias-literárias/mujeres-eternas/,Cartografias literárias
Coaticue Girl,/cartografias-literárias/coaticue-girl/,Cartografias literárias
Under the Bridge: Stories from the Border,/cartografias-literárias/under-the-bridge/,Cartografias literárias
Resources,/resources/,
How to Cite,/cite/,
