filename,object_location,image_small,image_thumb
1001.jpg,/objects/1001.jpg,/objects/small/1001_sm.jpg,/objects/thumbs/1001_th.jpg
1002.jpg,/objects/1002.jpg,/objects/small/1002_sm.jpg,/objects/thumbs/1002_th.jpg
1003.jpg,/objects/1003.jpg,/objects/small/1003_sm.jpg,/objects/thumbs/1003_th.jpg
1004.jpg,/objects/1004.jpg,/objects/small/1004_sm.jpg,/objects/thumbs/1004_th.jpg
1005.jpg,/objects/1005.jpg,/objects/small/1005_sm.jpg,/objects/thumbs/1005_th.jpg
1006.jpeg,/objects/1006.jpeg,/objects/small/1006_sm.jpg,/objects/thumbs/1006_th.jpg
1007.jpg,/objects/1007.jpg,/objects/small/1007_sm.jpg,/objects/thumbs/1007_th.jpg
1008.jpg,/objects/1008.jpg,/objects/small/1008_sm.jpg,/objects/thumbs/1008_th.jpg
1009.jpeg,/objects/1009.jpeg,/objects/small/1009_sm.jpg,/objects/thumbs/1009_th.jpg
1010.jpg,/objects/1010.jpg,/objects/small/1010_sm.jpg,/objects/thumbs/1010_th.jpg
1011.jpg,/objects/1011.jpg,/objects/small/1011_sm.jpg,/objects/thumbs/1011_th.jpg
1012.jpg,/objects/1012.jpg,/objects/small/1012_sm.jpg,/objects/thumbs/1012_th.jpg
1013.jpg,/objects/1013.jpg,/objects/small/1013_sm.jpg,/objects/thumbs/1013_th.jpg
1014.jpg,/objects/1014.jpg,/objects/small/1014_sm.jpg,/objects/thumbs/1014_th.jpg
1015.jpg,/objects/1015.jpg,/objects/small/1015_sm.jpg,/objects/thumbs/1015_th.jpg
1016.jpg,/objects/1016.jpg,/objects/small/1016_sm.jpg,/objects/thumbs/1016_th.jpg
1017.jpg,/objects/1017.jpg,/objects/small/1017_sm.jpg,/objects/thumbs/1017_th.jpg
1018.jpg,/objects/1018.jpg,/objects/small/1018_sm.jpg,/objects/thumbs/1018_th.jpg
1019.jpg,/objects/1019.jpg,/objects/small/1019_sm.jpg,/objects/thumbs/1019_th.jpg
1020.jpg,/objects/1020.jpg,/objects/small/1020_sm.jpg,/objects/thumbs/1020_th.jpg
1021.jpeg,/objects/1021.jpeg,/objects/small/1021_sm.jpg,/objects/thumbs/1021_th.jpg
1022.jpg,/objects/1022.jpg,/objects/small/1022_sm.jpg,/objects/thumbs/1022_th.jpg
1023.jpg,/objects/1023.jpg,/objects/small/1023_sm.jpg,/objects/thumbs/1023_th.jpg
1024.jpg,/objects/1024.jpg,/objects/small/1024_sm.jpg,/objects/thumbs/1024_th.jpg
1025.jpg,/objects/1025.jpg,/objects/small/1025_sm.jpg,/objects/thumbs/1025_th.jpg
1026.jpg,/objects/1026.jpg,/objects/small/1026_sm.jpg,/objects/thumbs/1026_th.jpg
1027.jpg,/objects/1027.jpg,/objects/small/1027_sm.jpg,/objects/thumbs/1027_th.jpg
1028.jpg,/objects/1028.jpg,/objects/small/1028_sm.jpg,/objects/thumbs/1028_th.jpg
1029.jpg,/objects/1029.jpg,/objects/small/1029_sm.jpg,/objects/thumbs/1029_th.jpg
1030.jpg,/objects/1030.jpg,/objects/small/1030_sm.jpg,/objects/thumbs/1030_th.jpg
1031.jpg,/objects/1031.jpg,/objects/small/1031_sm.jpg,/objects/thumbs/1031_th.jpg
1032.jpg,/objects/1032.jpg,/objects/small/1032_sm.jpg,/objects/thumbs/1032_th.jpg
1033.jpg,/objects/1033.jpg,/objects/small/1033_sm.jpg,/objects/thumbs/1033_th.jpg
1034.jpg,/objects/1034.jpg,/objects/small/1034_sm.jpg,/objects/thumbs/1034_th.jpg
1035.jpg,/objects/1035.jpg,/objects/small/1035_sm.jpg,/objects/thumbs/1035_th.jpg
1036.jpg,/objects/1036.jpg,/objects/small/1036_sm.jpg,/objects/thumbs/1036_th.jpg
1037.jpg,/objects/1037.jpg,/objects/small/1037_sm.jpg,/objects/thumbs/1037_th.jpg
1038.jpg,/objects/1038.jpg,/objects/small/1038_sm.jpg,/objects/thumbs/1038_th.jpg
1039.jpeg,/objects/1039.jpeg,/objects/small/1039_sm.jpg,/objects/thumbs/1039_th.jpg
1040.jpeg,/objects/1040.jpeg,/objects/small/1040_sm.jpg,/objects/thumbs/1040_th.jpg
1041.png,/objects/1041.png,/objects/small/1041_sm.jpg,/objects/thumbs/1041_th.jpg
1042.jpg,/objects/1042.jpg,/objects/small/1042_sm.jpg,/objects/thumbs/1042_th.jpg
1043.jpg,/objects/1043.jpg,/objects/small/1043_sm.jpg,/objects/thumbs/1043_th.jpg
1044.jpg,/objects/1044.jpg,/objects/small/1044_sm.jpg,/objects/thumbs/1044_th.jpg
1045.jpg,/objects/1045.jpg,/objects/small/1045_sm.jpg,/objects/thumbs/1045_th.jpg
1046.jpeg,/objects/1046.jpeg,/objects/small/1046_sm.jpg,/objects/thumbs/1046_th.jpg
1047.jpg,/objects/1047.jpg,/objects/small/1047_sm.jpg,/objects/thumbs/1047_th.jpg
1048.jpg,/objects/1048.jpg,/objects/small/1048_sm.jpg,/objects/thumbs/1048_th.jpg
1049.jpg,/objects/1049.jpg,/objects/small/1049_sm.jpg,/objects/thumbs/1049_th.jpg
1050.jpg,/objects/1050.jpg,/objects/small/1050_sm.jpg,/objects/thumbs/1050_th.jpg
1051.jpg,/objects/1051.jpg,/objects/small/1051_sm.jpg,/objects/thumbs/1051_th.jpg
1052.jpg,/objects/1052.jpg,/objects/small/1052_sm.jpg,/objects/thumbs/1052_th.jpg
1053.jpg,/objects/1053.jpg,/objects/small/1053_sm.jpg,/objects/thumbs/1053_th.jpg
1054.jpg,/objects/1054.jpg,/objects/small/1054_sm.jpg,/objects/thumbs/1054_th.jpg
1055.jpg,/objects/1055.jpg,/objects/small/1055_sm.jpg,/objects/thumbs/1055_th.jpg
1056.jpg,/objects/1056.jpg,/objects/small/1056_sm.jpg,/objects/thumbs/1056_th.jpg
1057.jpeg,/objects/1057.jpeg,/objects/small/1057_sm.jpg,/objects/thumbs/1057_th.jpg
1058.jpg,/objects/1058.jpg,/objects/small/1058_sm.jpg,/objects/thumbs/1058_th.jpg
1059.jpg,/objects/1059.jpg,/objects/small/1059_sm.jpg,/objects/thumbs/1059_th.jpg
1060.jpg,/objects/1060.jpg,/objects/small/1060_sm.jpg,/objects/thumbs/1060_th.jpg
1061.jpg,/objects/1061.jpg,/objects/small/1061_sm.jpg,/objects/thumbs/1061_th.jpg
1062.jpg,/objects/1062.jpg,/objects/small/1062_sm.jpg,/objects/thumbs/1062_th.jpg
1063.jpg,/objects/1063.jpg,/objects/small/1063_sm.jpg,/objects/thumbs/1063_th.jpg
1064.jpg,/objects/1064.jpg,/objects/small/1064_sm.jpg,/objects/thumbs/1064_th.jpg
1065.jpg,/objects/1065.jpg,/objects/small/1065_sm.jpg,/objects/thumbs/1065_th.jpg
1066.jpg,/objects/1066.jpg,/objects/small/1066_sm.jpg,/objects/thumbs/1066_th.jpg
1067.jpg,/objects/1067.jpg,/objects/small/1067_sm.jpg,/objects/thumbs/1067_th.jpg
1068.jpg,/objects/1068.jpg,/objects/small/1068_sm.jpg,/objects/thumbs/1068_th.jpg
1069.jpeg,/objects/1069.jpeg,/objects/small/1069_sm.jpg,/objects/thumbs/1069_th.jpg
1070.jpg,/objects/1070.jpg,/objects/small/1070_sm.jpg,/objects/thumbs/1070_th.jpg
1071.jpg,/objects/1071.jpg,/objects/small/1071_sm.jpg,/objects/thumbs/1071_th.jpg
1072.jpeg,/objects/1072.jpeg,/objects/small/1072_sm.jpg,/objects/thumbs/1072_th.jpg
demo_005.txt,/objects/demo_005.txt,,
demo_012.md,/objects/demo_012.md,,
